Handle,Title,Brand,Price,specs,Link,Image Src,Image Position
Deerma DX700S 2-in-1 15000Pa Suction 600W Power Upright Household Upright Vacuum Cleaner,Deerma DX700S 2-in-1 15000Pa Suction 600W Power Upright Household Upright Vacuum Cleaner,Deerma,US$87.99,"Since the product manual has not been updated, this version has been upgraded to a suction version without brush wheels.Equipped with adapter (if you have not received the adapter, contact customer service to reissue) https://www.banggood.com/Contact-Us_hi111Main Features:● Durable Suction: Amazing suction and multi-function. Sweeping a house, as easy as a walk●Flexible Cleaning: Dedusting path that will turn, The new side-screw filter technology effectively suppresses large debris, dust, hair, etc., without clogging the filter element and affecting suction.  It can be drilled into the gap to clean the bottom of the furniture● Mode: Upright cleaning mode, Standing on the ground to vacuum, no need to bend over.  Easy handheld mode, Pick it up and use it to absorb dust from the home surface● Three-layer Filtration: 3-layer sealed net filter; Create a clean home environment for you● Well-design: Bring you a good design. ABS solid material. Comfortable engineering handle. Detachable reel. Smooth brush wheel. Transparent visible dust boxSpecificationBrand: DeermaModel: DX700S Max Suction: 15000Pa Material : ABS, Metal Dust Box Capacity: 0.8LNoise: <75dB Rated Voltage: 220V Rated Power: 600W Plug: CN We will send you an adapter which according to your countryDimensionProduct Weight: 2.75 kg Product Size: 26.00 x 28.80 x 112.30 cmPackage Contents1 x Vacuum Cleaner",https://www.banggood.com/Deerma-DX700S-2-in-1-15000Pa-Suction-600W-Power-Upright-Household-Upright-Vacuum-Cleaner-p-1447715.html?cur_warehouse=CN,https://imgaz2.staticbg.com/thumb/large/oaupload/banggood/images/2B/C6/74ccd9c1-8dcf-48bd-bb1c-091983d6c81d.jpeg.webp,1
Deerma DX700S 2-in-1 15000Pa Suction 600W Power Upright Household Upright Vacuum Cleaner,,,,,,https://imgaz.staticbg.com/thumb/large/oaupload/banggood/images/FD/14/fbcfba74-270e-482d-a122-9ea474e5b354.jpeg.webp,2
Deerma DX700S 2-in-1 15000Pa Suction 600W Power Upright Household Upright Vacuum Cleaner,,,,,,https://imgaz1.staticbg.com/thumb/large/oaupload/banggood/images/8A/E3/02feafd5-9a19-4a20-8b66-b24e6abff8e6.jpeg.webp,3
Deerma DX700S 2-in-1 15000Pa Suction 600W Power Upright Household Upright Vacuum Cleaner,,,,,,https://imgaz2.staticbg.com/thumb/large/oaupload/banggood/images/DA/4A/772d4418-23bd-4431-ab65-0b918ce580f6.jpeg.webp,4
Deerma DX700S 2-in-1 15000Pa Suction 600W Power Upright Household Upright Vacuum Cleaner,,,,,,https://imgaz2.staticbg.com/thumb/large/oaupload/banggood/images/63/C9/41250a71-7491-4160-9f0b-93fcf2fc4ddb.jpeg.webp,5
[International Version] Deerma DEM-ZQ610 Multi-function Steam Cleaner with 5 Brush Heads 1600W Lightweight Steam Glass Scraper,[International Version] Deerma DEM-ZQ610 Multi-function Steam Cleaner with 5 Brush Heads 1600W Lightweight Steam Glass Scraper,Deerma,US$00.00,"English Manual (Please Click)Equipped with adapter (if you have not received the adapter, contact customer service to reissue) https://www.banggood.com/Contact-Us_hi111



Main Features:



● Deerma multi-function steam cleaner with 5 large cleaning brush heads, strong steam to dissolve deep dirt and remove dirt.



● Remove stains and odor at the same time 99.99% sterilization.



● The 5 brush heads can be freely combined with the multi-purpose connecting pipe and the bellows to extend the cleaning range and easily clean the high glass, curtains and slits.



● 230ml Detachable Water Tank - Easy to disassemble and add water & long-term cleaning.



● Three-section Connecting Tube - Can be long or short, adapt to different cleaning ranges.



● Safety Snap Assembly - Easily replace cleaning accessories with one click.











Specification


Brand: Deerma ( from xiaomi youpin)
Model: ZQ610
Material: ABS
Cleaner Types: Vacuum Cleaner
Water Tank Capacity: 230ml
					Rated Voltage: 220V ~ 50Hz
					Rated Power: 1600W
					Heat-up Time: 20 S
					Power Cord Length: 4 M
					Plug: EU
					We will send you an adapter which according to your country



					Dimension

Product weight: 2.90 kg
Product size: 38.9 x 8.5 x 18.0 cm / 15.31 x 3.34 x 7.08 inches (main machine)




Package Contents


1 x Brushed scouring mop, 1 x Corrugated pipe, 1 x Brush head, 1 x Brush connector, 1 x Glass scraper, 1 x Clothing cleaning head, 1 x Mop head, 3 x Mop connecting tubes, 1 x Main machine, 1 x Mop, 1 x Aromatherapy bag, 1 x Storage bag",https://www.banggood.com/International-Version-Deerma-DEM-ZQ610-Multi-function-Steam-Cleaner-with-5-Brush-Heads-1600W-Lightweight-Steam-Glass-Scraper-p-1644096.html?cur_warehouse=CN,https://imgaz1.staticbg.com/thumb/large/oaupload/banggood/images/CC/D3/94decd29-1711-4351-83a2-018ca2b21755.jpg.webp,1
[International Version] Deerma DEM-ZQ610 Multi-function Steam Cleaner with 5 Brush Heads 1600W Lightweight Steam Glass Scraper,,,,,,https://imgaz3.staticbg.com/thumb/large/oaupload/banggood/images/C2/76/e5e8aeae-c247-446e-b916-6ac5b25f0d4a.jpg.webp,2
[International Version] Deerma DEM-ZQ610 Multi-function Steam Cleaner with 5 Brush Heads 1600W Lightweight Steam Glass Scraper,,,,,,https://imgaz2.staticbg.com/thumb/large/oaupload/banggood/images/16/4A/764e83da-2fe1-44c2-a03c-058c238de83b.jpg.webp,3
[International Version] Deerma DEM-ZQ610 Multi-function Steam Cleaner with 5 Brush Heads 1600W Lightweight Steam Glass Scraper,,,,,,https://imgaz2.staticbg.com/thumb/large/oaupload/banggood/images/C7/8D/5c67ad05-9251-4615-954d-0bfd69616479.jpg.webp,4
Deerma VC01 Max Cordless Stick Handheld Vacuum Cleaner Sweeping Mopping 12000Pa Powerful Suction 100W Brushless Motor Lightweight for Home Hard Floor Carpet Car Pet,Deerma VC01 Max Cordless Stick Handheld Vacuum Cleaner Sweeping Mopping 12000Pa Powerful Suction 100W Brushless Motor Lightweight for Home Hard Floor Carpet Car Pet,Deerma,US$169.99,"Main Features:● Powerful Brushless Motor: The built-in new type of brushless digital motor increases the suction power by 40% compared with the previous generation of vacuum cleaners.● Equipped with Wet Mopping Components: The wet mop component adopts the principle of slow seepage, and the water in the water tank evenly penetrates into the mop when working, which can easily drag away dirt and protect the ground.● Add Disinfectant As Needed: Disinfectant can be added to the water tank, mopping the floor and sterilizing at the same time.● Stand Upright, Easy to Remove: The wet mopping component adopts a magnetic design. It can be installed by pressing it down gently, and it can be disassembled when it is stepped on and lifted up.● Straight Air Duct Design: Adopting a straight air duct design, the suction force directly reaches the area where the ground dust is located, reducing loss.● 45min Battery Life: Newly added genergy lithium battery to increase the battery life. Intelligent BMS battery management and protection, reduce loss and long-term battery replacement.● Free Combination of 2 Brush Heads: Suitable for wooden floors/carpets/floor tiles. Equipped with a two-in-one slit nozzle for the surface of the home, and the host and the nozzle can also directly vacuum, easily deal with the whole house cleaning.● Lightweight Cordless Design: The cumbersome power cord is reduced, and the smart wireless design makes cleaning no longer limited to indoors. It can also be taken to the car to clean up.● A New Generation of Foldable Air Filte: Upgraded to introduce the H11 air-clean filter element,  further increasing the filter area. With the triple filter dust cabin structure, it can filter fine dust, and also prevent clogging .● Easy to Pour Out Trash & Washable Design: The dust cup and the main unit are designed to buckle, The dust cup and stainless steel filter screen can be washed with water. After drying, it can be recycled. ● Easy to Store: Equipped with a silicone hanger, it can be easily fixed without slipping.SpecificationBrand: DeermaModel: VC01MaxVoltage: 110-240VPower: 100WCharging Time: 4hRuntime: Standard Gear≥45min, High Gear≥20minDust Cup Capacity: 0.6LVacuum Degree: Standard Gear Up to 8000Pa, High Gear Up to 12000PaNoise: ≤78dBMaterial: ABSWater Tank Capacity: 200mlBattery InformationBattery Type: Li-ion batteryBattery Capacity: 2500mAhDimensionProduct Weight: 1.6kg Package Weight: 2.45kg Product Size: 21.00 x 18.00 x 115.50 cm Package Contents1 x Host1 x Take Over Assembly1 x Floor Brush Assembly1 x Water Tank Assembly1 x Mop Cloth1 x 2 in 1 Flat Suction1 x Type-C Charging Cable1 x Host Silicone Hanger1 x Manual1 x CN Plug(We will send you an adapter which according to your country)",https://www.banggood.com/Deerma-VC01-Max-Cordless-Stick-Handheld-Vacuum-Cleaner-Sweeping-Mopping-12000Pa-Powerful-Suction-100W-Brushless-Motor-Lightweight-for-Home-Hard-Floor-Carpet-Car-Pet-p-1781362.html?cur_warehouse=CN,https://imgaz3.staticbg.com/thumb/large/oaupload/banggood/images/38/48/54a9a10c-bd78-4d0b-af5c-ae977705a84c.jpg.webp,1
Deerma VC01 Max Cordless Stick Handheld Vacuum Cleaner Sweeping Mopping 12000Pa Powerful Suction 100W Brushless Motor Lightweight for Home Hard Floor Carpet Car Pet,,,,,,https://imgaz.staticbg.com/thumb/large/oaupload/banggood/images/53/92/5d689d3a-5cbe-48b1-98d9-6501e095828e.jpg.webp,2
Deerma VC01 Max Cordless Stick Handheld Vacuum Cleaner Sweeping Mopping 12000Pa Powerful Suction 100W Brushless Motor Lightweight for Home Hard Floor Carpet Car Pet,,,,,,https://imgaz3.staticbg.com/thumb/large/oaupload/banggood/images/B4/26/73328bbb-3112-4826-9539-9d66941d34da.jpg.webp,3
Deerma VC01 Max Cordless Stick Handheld Vacuum Cleaner Sweeping Mopping 12000Pa Powerful Suction 100W Brushless Motor Lightweight for Home Hard Floor Carpet Car Pet,,,,,,https://imgaz.staticbg.com/thumb/large/oaupload/banggood/images/7F/B7/52baf851-1114-4650-be1b-2d404099b750.jpg.webp,4
Deerma VC01 Max Cordless Stick Handheld Vacuum Cleaner Sweeping Mopping 12000Pa Powerful Suction 100W Brushless Motor Lightweight for Home Hard Floor Carpet Car Pet,,,,,,https://imgaz3.staticbg.com/thumb/large/oaupload/banggood/images/F1/DF/1896eb1b-7c91-4fee-89f0-b67d69907201.jpg.webp,5
Deerma VC01 Max Cordless Stick Handheld Vacuum Cleaner Sweeping Mopping 12000Pa Powerful Suction 100W Brushless Motor Lightweight for Home Hard Floor Carpet Car Pet,,,,,,https://imgaz2.staticbg.com/thumb/large/oaupload/banggood/images/BA/F3/5c6159a1-438c-46a2-8874-e1d1a9b11d6f.jpg.webp,6
Deerma VC01 Max Cordless Stick Handheld Vacuum Cleaner Sweeping Mopping 12000Pa Powerful Suction 100W Brushless Motor Lightweight for Home Hard Floor Carpet Car Pet,,,,,,https://imgaz1.staticbg.com/thumb/large/oaupload/banggood/images/8E/FA/588e492b-6f09-4a75-91d6-647c2c7f4a50.jpg.webp,7
